Negative keyword list,Keyword,Match type
Terramorph Search Negatives,jobs,Phrase
Terramorph Search Negatives,job,Phrase
Terramorph Search Negatives,hiring,Phrase
Terramorph Search Negatives,career,Phrase
Terramorph Search Negatives,careers,Phrase
Terramorph Search Negatives,salary,Phrase
Terramorph Search Negatives,indeed,Phrase
Terramorph Search Negatives,diy,Phrase
Terramorph Search Negatives,do it yourself,Phrase
Terramorph Search Negatives,how to,Phrase
Terramorph Search Negatives,free materials,Phrase
Terramorph Search Negatives,cheap,Phrase
Terramorph Search Negatives,cheapest,Phrase
Terramorph Search Negatives,home depot,Phrase
Terramorph Search Negatives,lowes,Phrase
Terramorph Search Negatives,menards,Phrase
Terramorph Search Negatives,supplies,Phrase
Terramorph Search Negatives,materials only,Phrase
Terramorph Search Negatives,paver blocks,Phrase
Terramorph Search Negatives,used pavers,Phrase
Terramorph Search Negatives,patio furniture,Phrase
Terramorph Search Negatives,patio umbrella,Phrase
Terramorph Search Negatives,patio heater,Phrase
Terramorph Search Negatives,lawn mower repair,Phrase
Terramorph Search Negatives,lawn mower parts,Phrase
Terramorph Search Negatives,snowblower,Phrase
Terramorph Search Negatives,classes,Phrase
Terramorph Search Negatives,course,Phrase
Terramorph Search Negatives,degree,Phrase
Terramorph Search Negatives,software,Phrase
Terramorph Search Negatives,app,Phrase
Terramorph Search Negatives,ideas only,Phrase
Terramorph Search Negatives,pictures,Phrase
Terramorph Search Negatives,images,Phrase
Terramorph Search Negatives,pinterest,Phrase
Terramorph Search Negatives,reddit,Phrase
Terramorph Search Negatives,youtube,Phrase
Terramorph Search Negatives,permit office,Phrase
Terramorph Search Negatives,city jobs,Phrase
Terramorph Search Negatives,landscape architect degree,Phrase
Terramorph Search Negatives,landscape architecture school,Phrase
Terramorph Search Negatives,one time mowing,Phrase
Terramorph Search Negatives,grass cutting cheap,Phrase
Terramorph Search Negatives,leaf bags,Phrase
Terramorph Search Negatives,yard waste pickup,Phrase
Terramorph Search Negatives,rentals,Phrase
Terramorph Search Negatives,rental,Phrase
Terramorph Search Negatives,equipment rental,Phrase
